member;reserve
3213123312;1
3213123312;1
3213123312;1
3213123312;1
3213123312;1
3213123312;1
3213123312;1
3213123312;1
3213123312;1
3213123312;1
3213123312;1
3213123312;1
3213123312;1
3213123312;1
3213123312;1
3213123312;1
3213123312;1
3213123312;1
3213123312;1
3213123312;1
3213123312;1
3213123312;1
3213123312;1
3213123312;1
3213123312;1
3213123312;1
3213123312;1
3213123312;1
3213123312;1
3213123312;1
3213123312;1
3213123312;1
3213123312;1
3213123312;1
3213123312;1
3213123312;1
3213123312;1
3213123312;1
3213123312;1
3213123312;1
3213123312;1
3213123312;1
3213123312;1
3213123312;1
3213123312;1
3213123312;1
3213123312;1
3213123312;1
3213123312;1
3213123312;1
3213123312;1
3213123312;1
3213123312;1
3213123312;1
3213123312;1
3213123312;1
3213123312;1
3213123312;1
3213123312;1
3213123312;1
3213123312;1
3213123312;1
3213123312;1
3213123312;1
3213123312;1
3213123312;1
3213123312;1
3213123312;1
3213123312;1
3213123312;1
3213123312;1
3213123312;1
3213123312;1
3213123312;1
3213123312;1
3213123312;1
3213123312;1
3213123312;1
3213123312;1
3213123312;1
3213123312;1
3213123312;1
3213123312;1
3213123312;1
3213123312;1
3213123312;1
3213123312;1
3213123312;1
3213123312;1
3213123312;1
3213123312;1
3213123312;1
3213123312;1
3213123312;1
3213123312;1
3213123312;1
3213123312;1
3213123312;1
3213123312;1
3213123312;1
3213123312;1
3213123312;1
3213123312;1
3213123312;1
3213123312;1
3213123312;1
3213123312;1
3213123312;1
3213123312;1
3213123312;1
3213123312;1
3213123312;1
3213123312;1
3213123312;1
3213123312;1
3213123312;1
3213123312;1
3213123312;1
3213123312;1
3213123312;1
3213123312;1
3213123312;1
3213123312;1
3213123312;1
3213123312;1
3213123312;1
3213123312;1
3213123312;1
3213123312;1
3213123312;1
3213123312;1
3213123312;1
3213123312;1
3213123312;1
3213123312;1
3213123312;1
3213123312;1
3213123312;1
3213123312;1
3213123312;1
3213123312;1
3213123312;1
3213123312;1
3213123312;1
3213123312;1
3213123312;1
3213123312;1
3213123312;1
3213123312;1
3213123312;1
3213123312;1
3213123312;1
3213123312;1
3213123312;1
3213123312;1
3213123312;1
3213123312;1
3213123312;1
3213123312;1
3213123312;1
3213123312;1
3213123312;1
3213123312;1
3213123312;1
3213123312;1
3213123312;1
3213123312;1
3213123312;1
3213123312;1
3213123312;1
3213123312;1
3213123312;1
3213123312;1
3213123312;1
3213123312;1
3213123312;1
3213123312;1
3213123312;1
3213123312;1
3213123312;1
3213123312;1
3213123312;1
3213123312;1
3213123312;1
3213123312;1
3213123312;1
3213123312;1
3213123312;1
3213123312;1
3213123312;1
3213123312;1
3213123312;1
3213123312;1
3213123312;1
3213123312;1
3213123312;1
3213123312;1
3213123312;1
3213123312;1
3213123312;1
3213123312;1
3213123312;1
3213123312;1
3213123312;1
3213123312;1
3213123312;1
3213123312;1
3213123312;1
3213123312;1
3213123312;1
3213123312;1
3213123312;1
3213123312;1
3213123312;1
3213123312;1
3213123312;1
3213123312;1
3213123312;1
3213123312;1
3213123312;1
3213123312;1
3213123312;1
3213123312;1
3213123312;1
3213123312;1
3213123312;1
3213123312;1
3213123312;1
3213123312;1
3213123312;1
3213123312;1
3213123312;1
3213123312;1
3213123312;1
3213123312;1
3213123312;1
3213123312;1
3213123312;1
3213123312;1
3213123312;1
3213123312;1
3213123312;1
3213123312;1
3213123312;1
3213123312;1
3213123312;1
3213123312;1
3213123312;1
3213123312;1
3213123312;1
3213123312;1
3213123312;1
3213123312;1
3213123312;1
3213123312;1
3213123312;1
3213123312;1
3213123312;1
3213123312;1
3213123312;1
3213123312;1
3213123312;1
3213123312;1
3213123312;1
3213123312;1
3213123312;1
3213123312;1
3213123312;1
3213123312;1
3213123312;1
3213123312;1
3213123312;1
3213123312;1
3213123312;1
3213123312;1
3213123312;1
3213123312;1
3213123312;1
3213123312;1
3213123312;1
3213123312;1
3213123312;1
3213123312;1
3213123312;1
3213123312;1
3213123312;1
3213123312;1
3213123312;1
3213123312;1
3213123312;1
3213123312;1
3213123312;1
3213123312;1
3213123312;1
3213123312;1
3213123312;1
3213123312;1
3213123312;1
3213123312;1
3213123312;1
3213123312;1
3213123312;1
3213123312;1
3213123312;1
3213123312;1
3213123312;1
3213123312;1
3213123312;1
3213123312;1
3213123312;1
3213123312;1
3213123312;1
3213123312;1
3213123312;1
3213123312;1
3213123312;1
3213123312;1
3213123312;1
3213123312;1
3213123312;1
3213123312;1
3213123312;1
3213123312;1
3213123312;1
3213123312;1
3213123312;1
3213123312;1
3213123312;1
3213123312;1
3213123312;1
3213123312;1
3213123312;1
3213123312;1
3213123312;1
3213123312;1
3213123312;1
3213123312;1
3213123312;1
3213123312;1
3213123312;1
3213123312;1
3213123312;1
3213123312;1
3213123312;1
3213123312;1
3213123312;1
3213123312;1
3213123312;1
3213123312;1
3213123312;1
3213123312;1
3213123312;1
3213123312;1
3213123312;1
3213123312;1
3213123312;1
3213123312;1
3213123312;1
3213123312;1
3213123312;1
3213123312;1
3213123312;1
3213123312;1
3213123312;1
3213123312;1
3213123312;1
3213123312;1
3213123312;1
3213123312;1
3213123312;1
3213123312;1
3213123312;1
3213123312;1
3213123312;1
3213123312;1
3213123312;1
3213123312;1
3213123312;1
3213123312;1
3213123312;1
3213123312;1
3213123312;1
3213123312;1
3213123312;1
3213123312;1
3213123312;1
3213123312;1
3213123312;1
3213123312;1
3213123312;1
3213123312;1
3213123312;1
3213123312;1
3213123312;1
3213123312;1
3213123312;1
3213123312;1
3213123312;1
3213123312;1
3213123312;1
3213123312;1
3213123312;1
3213123312;1
3213123312;1
3213123312;1
3213123312;1
3213123312;1
3213123312;1
3213123312;1
3213123312;1
3213123312;1
3213123312;1
3213123312;1
3213123312;1
3213123312;1
3213123312;1
3213123312;1
3213123312;1
3213123312;1
3213123312;1
3213123312;1
3213123312;1
3213123312;1
3213123312;1
3213123312;1
3213123312;1
3213123312;1
3213123312;1
3213123312;1
3213123312;1
3213123312;1
3213123312;1
3213123312;1
3213123312;1
3213123312;1
3213123312;1
3213123312;1
3213123312;1
3213123312;1
3213123312;1
3213123312;1
3213123312;1
3213123312;1
3213123312;1
3213123312;1
3213123312;1
3213123312;1
3213123312;1
3213123312;1
3213123312;1
3213123312;1
3213123312;1
3213123312;1
3213123312;1
3213123312;1
3213123312;1
3213123312;1
3213123312;1
3213123312;1
3213123312;1
3213123312;1
3213123312;1
3213123312;1
3213123312;1
3213123312;1
3213123312;1
3213123312;1
3213123312;1
3213123312;1
3213123312;1
3213123312;1
3213123312;1
3213123312;1
3213123312;1
3213123312;1
3213123312;1
3213123312;1
3213123312;1
3213123312;1
3213123312;1
3213123312;1
3213123312;1
3213123312;1
3213123312;1
3213123312;1
3213123312;1
3213123312;1
3213123312;1
3213123312;1
3213123312;1
3213123312;1
3213123312;1
3213123312;1
3213123312;1
3213123312;1
3213123312;1
3213123312;1
3213123312;1
3213123312;1
3213123312;1
3213123312;1
3213123312;1
3213123312;1
3213123312;1
3213123312;1
3213123312;1
3213123312;1
3213123312;1
3213123312;1
3213123312;1
3213123312;1
3213123312;1
3213123312;1
3213123312;1
3213123312;1
3213123312;1
3213123312;1
3213123312;1
3213123312;1
3213123312;1
3213123312;1
3213123312;1
3213123312;1
3213123312;1
3213123312;1
3213123312;1
3213123312;1
3213123312;1
3213123312;1
3213123312;1
3213123312;1
3213123312;1
3213123312;1
3213123312;1
3213123312;1
3213123312;1
3213123312;1
3213123312;1
3213123312;1
3213123312;1
3213123312;1
3213123312;1
3213123312;1
3213123312;1
3213123312;1
3213123312;1
3213123312;1
3213123312;1
3213123312;1
3213123312;1
3213123312;1
3213123312;1
3213123312;1
3213123312;1
3213123312;1
3213123312;1
3213123312;1
3213123312;1
3213123312;1
3213123312;1
3213123312;1
3213123312;1
3213123312;1
3213123312;1
3213123312;1
3213123312;1
3213123312;1
3213123312;1
3213123312;1
3213123312;1
3213123312;1
3213123312;1
3213123312;1
3213123312;1
3213123312;1
3213123312;1
3213123312;1
3213123312;1
3213123312;1
3213123312;1
3213123312;1
3213123312;1
3213123312;1
3213123312;1
3213123312;1
3213123312;1
3213123312;1
3213123312;1
3213123312;1
3213123312;1
3213123312;1
3213123312;1
3213123312;1
3213123312;1
3213123312;1
3213123312;1
3213123312;1
3213123312;1
3213123312;1
3213123312;1
3213123312;1
3213123312;1
3213123312;1
3213123312;1
3213123312;1
3213123312;1
3213123312;1
3213123312;1
3213123312;1
3213123312;1
3213123312;1
3213123312;1
3213123312;1
3213123312;1
3213123312;1
3213123312;1
3213123312;1
3213123312;1
3213123312;1
3213123312;1
3213123312;1
3213123312;1
3213123312;1
3213123312;1
3213123312;1
3213123312;1
3213123312;1
3213123312;1
3213123312;1
3213123312;1
3213123312;1
3213123312;1
3213123312;1
3213123312;1
3213123312;1
3213123312;1
3213123312;1
3213123312;1
3213123312;1
3213123312;1
3213123312;1
3213123312;1
3213123312;1
3213123312;1
3213123312;1
3213123312;1
3213123312;1
3213123312;1
3213123312;1
3213123312;1
3213123312;1
3213123312;1
3213123312;1
3213123312;1
3213123312;1
3213123312;1
3213123312;1
3213123312;1
3213123312;1
3213123312;1
3213123312;1
3213123312;1
3213123312;1
3213123312;1
3213123312;1
3213123312;1
3213123312;1
3213123312;1
3213123312;1
3213123312;1
3213123312;1
3213123312;1
3213123312;1
3213123312;1
3213123312;1
3213123312;1
3213123312;1
3213123312;1
3213123312;1
3213123312;1
3213123312;1
3213123312;1
3213123312;1
3213123312;1
3213123312;1
3213123312;1
3213123312;1
3213123312;1
3213123312;1
3213123312;1
3213123312;1
3213123312;1
3213123312;1
3213123312;1
3213123312;1
3213123312;1
3213123312;1
3213123312;1
3213123312;1
3213123312;1
3213123312;1
3213123312;1
3213123312;1
3213123312;1
3213123312;1
3213123312;1
3213123312;1
3213123312;1
3213123312;1
3213123312;1
3213123312;1
3213123312;1
3213123312;1
3213123312;1
3213123312;1
3213123312;1
3213123312;1
3213123312;1
3213123312;1
3213123312;1
3213123312;1
3213123312;1
3213123312;1
3213123312;1
3213123312;1
3213123312;1
3213123312;1
3213123312;1
3213123312;1
3213123312;1
3213123312;1
3213123312;1
3213123312;1
3213123312;1
3213123312;1
3213123312;1
3213123312;1
3213123312;1
3213123312;1
3213123312;1
3213123312;1
3213123312;1
3213123312;1
3213123312;1
3213123312;1
3213123312;1
3213123312;1
3213123312;1
3213123312;1
3213123312;1
3213123312;1
3213123312;1
3213123312;1
3213123312;1
3213123312;1
3213123312;1
3213123312;1
3213123312;1
3213123312;1
3213123312;1
3213123312;1
3213123312;1
3213123312;1
3213123312;1
3213123312;1
3213123312;1
3213123312;1
3213123312;1
3213123312;1
3213123312;1
3213123312;1
3213123312;1
3213123312;1
3213123312;1
3213123312;1
3213123312;1
3213123312;1
3213123312;1
3213123312;1
3213123312;1
3213123312;1
3213123312;1
3213123312;1
3213123312;1
3213123312;1
3213123312;1
3213123312;1
3213123312;1
3213123312;1
3213123312;1
3213123312;1
3213123312;1
3213123312;1
3213123312;1
3213123312;1
3213123312;1
3213123312;1
3213123312;1
3213123312;1
3213123312;1
3213123312;1
3213123312;1
3213123312;1
3213123312;1
3213123312;1
3213123312;1
3213123312;1
3213123312;1
3213123312;1
3213123312;1
3213123312;1
3213123312;1
3213123312;1
3213123312;1
3213123312;1
3213123312;1
3213123312;1
3213123312;1
3213123312;1
3213123312;1
3213123312;1
3213123312;1
3213123312;1
3213123312;1
3213123312;1
3213123312;1
3213123312;1
3213123312;1
3213123312;1
3213123312;1
3213123312;1
3213123312;1
3213123312;1
3213123312;1
3213123312;1
3213123312;1
3213123312;1
3213123312;1
3213123312;1
3213123312;1
3213123312;1
3213123312;1
3213123312;1
3213123312;1
3213123312;1
3213123312;1
3213123312;1
3213123312;1
3213123312;1
3213123312;1
3213123312;1
3213123312;1
3213123312;1
3213123312;1
3213123312;1
3213123312;1
3213123312;1
3213123312;1
3213123312;1
3213123312;1
3213123312;1
3213123312;1
3213123312;1
3213123312;1
3213123312;1
3213123312;1
3213123312;1
3213123312;1
3213123312;1
3213123312;1
3213123312;1
3213123312;1
3213123312;1
3213123312;1
3213123312;1
3213123312;1
3213123312;1
3213123312;1
3213123312;1
3213123312;1
3213123312;1
3213123312;1
3213123312;1
3213123312;1
3213123312;1
3213123312;1
3213123312;1
3213123312;1
3213123312;1
3213123312;1
3213123312;1
3213123312;1
3213123312;1
3213123312;1
3213123312;1
3213123312;1
3213123312;1
3213123312;1
3213123312;1
3213123312;1
3213123312;1
3213123312;1
3213123312;1
3213123312;1
3213123312;1
3213123312;1
3213123312;1
3213123312;1
3213123312;1
3213123312;1
3213123312;1
3213123312;1
3213123312;1
3213123312;1
3213123312;1
3213123312;1
3213123312;1
3213123312;1
3213123312;1
3213123312;1
3213123312;1
3213123312;1
3213123312;1
3213123312;1
3213123312;1
3213123312;1
3213123312;1
3213123312;1
3213123312;1
3213123312;1
3213123312;1
3213123312;1
3213123312;1
3213123312;1
3213123312;1
3213123312;1
3213123312;1
3213123312;1
3213123312;1
3213123312;1
3213123312;1
3213123312;1
3213123312;1
3213123312;1
3213123312;1
3213123312;1
3213123312;1
3213123312;1
3213123312;1
3213123312;1
3213123312;1
3213123312;1
3213123312;1
3213123312;1
3213123312;1
3213123312;1
3213123312;1
3213123312;1
3213123312;1
3213123312;1
3213123312;1
3213123312;1
3213123312;1
3213123312;1
3213123312;1
3213123312;1
3213123312;1
3213123312;1
3213123312;1
3213123312;1
3213123312;1
3213123312;1
3213123312;1
3213123312;1
3213123312;1
3213123312;1
3213123312;1
3213123312;1
3213123312;1
3213123312;1
3213123312;1
3213123312;1
3213123312;1
3213123312;1
3213123312;1
3213123312;1
3213123312;1
3213123312;1
3213123312;1
3213123312;1
3213123312;1
3213123312;1
3213123312;1
3213123312;1
3213123312;1
3213123312;1
3213123312;1
3213123312;1
2LjzURsJyZhnzejt7TE49F2fVv5YoZ7euPXo5V8pLN1t;1
